"ns","nf","entropy","lt","ndev","pd","npt","exp","sexp","bug","bugdensity","churn","churnp"
0,0.693147180559945,0.687480861251371,5.46806014113513,1.09861228866811,4.27666611901606,0.693147180559945,4.89034912822175,4.89034912822175,1,0.111111111358025,7.99999998,2.197224575114
0,0.693147180559945,0.689726800222593,5.83041512558957,1.38629436111989,1.94591014905531,0.693147180559945,4.98360662170834,4.98360662170834,1,0.0136986301504035,71.9999999285,4.29045944016894
0,0,0,4.27666611901606,0.693147180559945,0.693147180559945,0.693147180559945,5.03695260241363,5.03695260241363,1,0.40000000072,1.4999999955,0.916290730074155
0,2.39789527279837,0.614103105253748,5.13472834588335,1.38629436111989,6.40025744530882,0.492476484875572,5.10594547390058,5.10594547390058,1,0.00735294116103696,135.00000028546,4.91265488783503
0,0.693147180559945,0.688675226260974,5.69204721843778,1.38629436111989,4.30406509320417,0.693147180559945,4.9416424226093,4.9416424226093,1,0.181818175917356,4.5000001785,1.70474812469297
0,0,0,5.69035945432406,1.09861228866811,1.09861228866811,0.693147180559945,5.13579843705026,5.13579843705026,1,0.333333333888889,1.999999995,1.09861228700144
0,2.70805020110221,0.466682731789723,4.40509190764559,1.38629436111989,6.75925527066369,0.427444014609548,4.20469261939097,4.20469261939097,0,0,823.500000146945,6.71477714217788
0,0,0,4.38202663467388,0.693147180559945,0.693147180559945,0.693147180559945,5.12989871492307,5.12989871492307,0,0,7.500000011,2.14006616479039
0,0,0,3.25809653802148,1.09861228866811,4.99721227376411,0.693147180559945,4.48863636973214,4.48863636973214,0,0,1,0.693147180559945
0,0,0,3.13549421592915,1.09861228866811,5.04342511691925,0.693147180559945,4.52178857704904,4.52178857704904,0,0,5.5,1.87180217690159
0,2.77258872223978,0.60871348358771,5.08062766591629,1.38629436111989,6.87729607149743,0.523248143764548,3.95124371858143,3.95124371858143,0,0,1364.4999989,7.21927594010819
0,0.693147180559945,0.651437205443258,5.83334767901084,1.38629436111989,0.693147180559945,0.693147180559945,5.00394630594546,5.00394630594546,0,0,1.499999883,0.916290685074154
