"ns","nf","entropy","lt","ndev","pd","npt","exp","sexp","bug","bugdensity","churn","churnp"
0,0,0,6.45047042214418,2.39789527279837,4.23410650459726,0.693147180559945,3.36729582998647,3.29583686600433,1,0.0312499999453125,31.000000056,3.46573590454973
0,0,0,6.34738920965601,2.63905732961526,4.36944785246702,0.693147180559945,4.27666611901606,4.24849524204936,1,0.499999995,1.00000002,0.693147190559945
0,0,0,4.69134788222914,0.693147180559945,0,0.693147180559945,3.17805383034795,3.17805383034795,1,1,0,0
0,1.38629436111989,0.60835305655625,6.24949250027569,2.56494935746154,5.06259503302697,0.693147180559945,3.3322045101752,3.3322045101752,1,0.0110497237134398,89.500000356,4.50534985463958
0,0,0,6.56103066589657,2.39789527279837,3.58351893845611,0.693147180559945,4.63472898822964,4.46590811865458,0,0,14.000000121,2.70805020916888
0,0,0,5.98141421125448,2.39789527279837,4.04305126783455,0.693147180559945,4.64439089914137,4.47733681447821,0,0,1.00000017,0.693147265559942
0,0,0,6.79234442747081,2.07944154167984,0,0.693147180559945,3.36729582998647,3.36729582998647,0,0,1.99999999,1.09861228533478
0,0,0,6.36647044773144,2.63905732961526,2.39789527279837,0.693147180559945,6.20657592672493,6.19847871649231,0,0,2.999999891,1.38629433386989
