"ns","nf","entropy","lt","ndev","pd","npt","exp","sexp","bug","bugdensity","churn","churnp"
0.693147180559945,3.76120011569356,0.692879992368359,5.15221560253119,2.19722457733622,8.13534694890671,0.542864977767364,3.78418963391826,3.78418963391826,0,0,611.499998475385,6.41754893992971
0,0,0,5.88332238848828,1.94591014905531,0,0.693147180559945,5.15329159449778,5.12989871492307,0,0,0.999999968,0.693147164559945
0,0,0,5.88332238848828,1.94591014905531,2.94443897916644,0.693147180559945,5.14749447681345,5.12396397940326,0,0,0.999999968,0.693147164559945
0,0,0,4.43081679884331,1.94591014905531,2.94443897916644,0.693147180559945,5.13579843705026,5.11198778835654,0,0,3.4999999835,1.50407739310961
0,0,0,4.00733318523247,1.38629436111989,2.94443897916644,0.693147180559945,5.14166355650266,5.11799381241676,0,0,1.000000026,0.693147193559945
0,0,0,6.27476202124194,1.09861228866811,2.89037175789616,0.693147180559945,5.12989871492307,1.6094379124341,0,0,3.499999955,1.50407738677627
0,0,0,6.04025471127741,1.79175946922805,2.56494935746154,0.693147180559945,5.2257466737132,5.2040066870768,0,0,1.000000065,0.693147213059945
0,1.09861228866811,0.634739178132805,5.90898832519325,2.07944154167984,3.29583686600433,0.693147180559945,5.2040066870768,5.18178355029209,1,0.0194174758648629,50.4999996374174,3.94158180062925
0,0.693147180559945,0.688675226260974,6.01615715969835,2.07944154167984,3.68887945411394,0.693147180559945,5.18178355029209,5.15905529921453,1,0.181818181652893,4.500000005,1.70474809314752
0,0,0,6.02344759296103,1.79175946922805,0,0.693147180559945,3.91202300542815,3.89182029811063,0,0,1.499999918,0.916290699074155
0,1.6094379124341,0.562594778334124,5.83305481036034,2.07944154167984,4.92725368515721,0.336472236621213,3.89182029811063,3.87120101090789,1,0.0111731843200899,88.5000003,4.49423862863276
0,0,0,5.87211778947542,1.94591014905531,0,0.693147180559945,5.17048399503815,5.14749447681345,1,0.499999978500001,1.000000086,0.693147223559944
0,0.693147180559945,0.594032741930412,5.87773578177964,1.94591014905531,3.85014760171006,0.693147180559945,5.16478597392351,5.14166355650266,1,0.199999986560001,4.000000336,1.6094379796341
0,1.09861228866811,0.691900666483979,5.98477555887329,1.6094379124341,4.91265488573605,0.287682072201781,5.22035582507832,5.19849703126583,1,0.0224719100263394,43.5000001703415,3.79548919300009
0,0,0,5.96870755998537,1.94591014905531,2.56494935746154,0.693147180559945,5.18738580584075,5.16478597392351,0,0,2.500000035,1.25276297849537
