"ns","nf","entropy","lt","ndev","pd","npt","exp","sexp","bug","bugdensity","churn","churnp"
0,0,0,6.45047042214418,2.39789527279837,4.23410650459726,0.693147180559945,3.36729582998647,3.29583686600433,1,0.0312499999453125,31.000000056,3.46573590454973
0,0.693147180559945,0.667548315133995,6.20758348348523,2.484906649788,4.30406509320417,0.693147180559945,4.30406509320417,4.27666611901606,1,0.0952380951337869,9.5000000115,2.35137525825872
0,1.09861228866811,0.638284744884934,6.12614111717269,2.484906649788,5.15329159449778,0.693147180559945,4.36944785246702,4.34380542185368,1,0.0500000004715329,18.9999998113869,2.99573226412333
0,0,0,6.79682371827486,2.19722457733622,0,0.693147180559945,1.94591014905531,1.94591014905531,1,0.222222214024692,3.500000166,1.50407743366516
0,0,0,6.41345895716736,2.39789527279837,1.79175946922805,0.693147180559945,4.31748811353631,4.29045944114839,1,0.045454545606405,20.9999999265,3.09104245001741
0,0,0,6.79682371827486,2.19722457733622,3.97029191355212,0.693147180559945,1.6094379124341,1.6094379124341,1,0.0869565213534972,10.500000051,2.44234703980399
0,0,0,6.36647044773144,2.63905732961526,2.39789527279837,0.693147180559945,6.20657592672493,6.19847871649231,0,0,2.999999891,1.38629433386989
0,0,0,4.55387689160054,2.30258509299405,2.30258509299405,0.693147180559945,2.07944154167984,2.07944154167984,0,0,4.49999996,1.7047480849657
0,0.693147180559945,0.691897673250722,5.82600010738045,2.70805020110221,4.14313472639153,0.693147180559945,1.09861228866811,1.09861228866811,0,0,8.500000002,2.25129179881702
0,0,0,4.69134788222914,1.09861228866811,3.97029191355212,0.693147180559945,1.79175946922805,1.79175946922805,0,0,2.000000052,1.09861230600144
0,0,0,3.55534806148941,0.693147180559945,0,0.693147180559945,4.33073334028633,4.30406509320417,0,0,0,0
0,0,0,6.40687998606931,2.56494935746154,3.97029191355212,0.693147180559945,1.38629436111989,1.38629436111989,0,0,1.000000265,0.693147313059936
